<?xml version="1.0" encoding="UTF-8"?>
<!-- Generated by eXe - http://exelearning.net -->
<manifest identifier="eXeKSWKKK555f231621620ff37b1" 
xmlns:xsi="http://www.w3.org/2001/XMLSchema-instance" 
xmlns:adlcp="http://www.adlnet.org/xsd/adlcp_v1p3" 
xmlns:adlseq="http://www.adlnet.org/xsd/adlseq_v1p3" 
xmlns:adlnav="http://www.adlnet.org/xsd/adlnav_v1p3" 
xmlns:imsss="http://www.imsglobal.org/xsd/imsss" 
xmlns:lom="http://ltsc.ieee.org/xsd/LOM" 
xmlns:lomes="http://ltsc.ieee.org/xsd/LOM" 
xmlns="http://www.imsglobal.org/xsd/imscp_v1p1" 
xsi:schemaLocation="http://www.imsglobal.org/xsd/imscp_v1p1 imscp_v1p1.xsd http://ltsc.ieee.org/xsd/LOM lomCustom.xsd http://www.adlnet.org/xsd/adlcp_v1p3 adlcp_v1p3.xsd  http://www.imsglobal.org/xsd/imsss imsss_v1p0.xsd  http://www.adlnet.org/xsd/adlseq_v1p3 adlseq_v1p3.xsd http://www.adlnet.org/xsd/adlnav_v1p3 adlnav_v1p3.xsd"> 
<metadata> 
 <schema>ADL SCORM</schema> 
 <schemaversion>2004 3rd Edition</schemaversion> 
 <adlcp:location>imslrm.xml</adlcp:location> 
</metadata> 
<organizations default="eXeKSWKKK555f231621620ff37b2">  
    <organization identifier="eXeKSWKKK555f231621620ff37b2" structure="hierarchical">
        <title>sistema respiratorio</title>
<item identifier="ITEM-eXeKSWKKK555f231621620ff37b3" isvisible="true">
    <title>sistema respiratorio</title>
<item identifier="ITEM-eXeKSWKKK555f231621620ff37b4" isvisible="true" identifierref="RES-eXeKSWKKK555f231621620ff37b5">
    <title>&lt;-</title>
</item>
<item identifier="ITEM-eXeKSWKKK555f231621620ff37b6" isvisible="true">
    <title>UNIDAD 1 RESPIRACION EN EL HOMBRE</title>
<item identifier="ITEM-eXeKSWKKK555f231621620ff37b7" isvisible="true" identifierref="RES-eXeKSWKKK555f231621620ff37b8">
    <title>&lt;-</title>
</item>
<item identifier="ITEM-eXeKSWKKK555f231621620ff37b9" isvisible="true" identifierref="RES-eXeKSWKKK555f231621620ff37ba">
    <title>DEFINICION</title>
</item>
<item identifier="ITEM-eXeKSWKKK555f231621620ff37cb" isvisible="true" identifierref="RES-eXeKSWKKK555f231621620ff37cc">
    <title>FUNCIONAMIENTO</title>
</item>
<item identifier="ITEM-eXeKSWKKK555f231621620ff37cd" isvisible="true">
    <title>PARTES</title>
<item identifier="ITEM-eXeKSWKKK555f231621620ff37ce" isvisible="true" identifierref="RES-eXeKSWKKK555f231621620ff37cf">
    <title>&lt;-</title>
</item>
<item identifier="ITEM-eXeKSWKKK555f231621620ff37c10" isvisible="true" identifierref="RES-eXeKSWKKK555f231621620ff37c11">
    <title>BOCA</title>
</item>
<item identifier="ITEM-eXeKSWKKK555f231621620ff37c12" isvisible="true" identifierref="RES-eXeKSWKKK555f231621620ff37c13">
    <title>NARIZ</title>
</item>
<item identifier="ITEM-eXeKSWKKK555f231621620ff37c14" isvisible="true" identifierref="RES-eXeKSWKKK555f231621620ff37c15">
    <title>FARINGE</title>
</item>
<item identifier="ITEM-eXeKSWKKK555f231621620ff37c16" isvisible="true" identifierref="RES-eXeKSWKKK555f231621620ff37c17">
    <title>TRAQUEA</title>
</item>
<item identifier="ITEM-eXeKSWKKK555f231621620ff37c18" isvisible="true">
    <title>PULMONES</title>
<item identifier="ITEM-eXeKSWKKK555f231621620ff37c19" isvisible="true" identifierref="RES-eXeKSWKKK555f231621620ff37c1a">
    <title>&lt;-</title>
</item>
<item identifier="ITEM-eXeKSWKKK555f231621620ff37c1b" isvisible="true" identifierref="RES-eXeKSWKKK555f231621620ff37c1c">
    <title>ALBEOLOS</title>
</item>
<item identifier="ITEM-eXeKSWKKK555f231621620ff37c1d" isvisible="true" identifierref="RES-eXeKSWKKK555f231621620ff37c1e">
    <title>BRONQUIOS</title>
</item>
<item identifier="ITEM-eXeKSWKKK555f231621620ff37c1f" isvisible="true" identifierref="RES-eXeKSWKKK555f231621620ff37c20">
    <title>PLEURA</title>
</item>
  <imsss:sequencing>
    <imsss:controlMode choice="true" choiceExit="true" flow="true" forwardOnly="false"/>
  </imsss:sequencing></item>
  <imsss:sequencing>
    <imsss:controlMode choice="true" choiceExit="true" flow="true" forwardOnly="false"/>
  </imsss:sequencing></item>
  <imsss:sequencing>
    <imsss:controlMode choice="true" choiceExit="true" flow="true" forwardOnly="false"/>
  </imsss:sequencing></item>
<item identifier="ITEM-eXeKSWKKK555f231621620ff37d21" isvisible="true">
    <title>UNIDAD 2 RESPIRACION EN LOS ANIMALES</title>
<item identifier="ITEM-eXeKSWKKK555f231621620ff37d22" isvisible="true" identifierref="RES-eXeKSWKKK555f231621620ff37d23">
    <title>&lt;-</title>
</item>
<item identifier="ITEM-eXeKSWKKK555f231621620ff37d24" isvisible="true" identifierref="RES-eXeKSWKKK555f231621620ff37d25">
    <title>DEFINICION</title>
</item>
<item identifier="ITEM-eXeKSWKKK555f231621620ff37d26" isvisible="true" identifierref="RES-eXeKSWKKK555f231621620ff37d27">
    <title>FUNCIONAMIENTO</title>
</item>
  <imsss:sequencing>
    <imsss:controlMode choice="true" choiceExit="true" flow="true" forwardOnly="false"/>
  </imsss:sequencing></item>
  <imsss:sequencing>
    <imsss:controlMode choice="true" choiceExit="true" flow="true" forwardOnly="false"/>
  </imsss:sequencing></item>
  <imsss:sequencing>
    <imsss:controlMode choice="true" choiceExit="true" flow="true" forwardOnly="false"/>
  </imsss:sequencing>  </organization>
</organizations>
<resources>
  <resource identifier="RES-eXeKSWKKK555f231621620ff37b5" type="webcontent" adlcp:scormType="sco" href="index.html"> 
    <file href="index.html"/> 
    <file href="2.jpg"/>
    <file href="common.js"/>
    <dependency identifierref="COMMON_FILES"/>
  </resource>
  <resource identifier="RES-eXeKSWKKK555f231621620ff37b8" type="webcontent" adlcp:scormType="sco" href="unidad_1_respiracion_en_el_hombre.html"> 
    <file href="unidad_1_respiracion_en_el_hombre.html"/> 
    <file href="sistema_respiratorio.jpg"/>
    <file href="common.js"/>
    <dependency identifierref="COMMON_FILES"/>
  </resource>
  <resource identifier="RES-eXeKSWKKK555f231621620ff37ba" type="webcontent" adlcp:scormType="sco" href="definicion1.html"> 
    <file href="definicion1.html"/> 
    <file href="common.js"/>
    <dependency identifierref="COMMON_FILES"/>
  </resource>
  <resource identifier="RES-eXeKSWKKK555f231621620ff37cc" type="webcontent" adlcp:scormType="sco" href="funcionamiento1.html"> 
    <file href="funcionamiento1.html"/> 
    <file href="LOS_PULMONES.png"/>
    <file href="common.js"/>
    <dependency identifierref="COMMON_FILES"/>
  </resource>
  <resource identifier="RES-eXeKSWKKK555f231621620ff37cf" type="webcontent" adlcp:scormType="sco" href="partes.html"> 
    <file href="partes.html"/> 
    <dependency identifierref="COMMON_FILES"/>
  </resource>
  <resource identifier="RES-eXeKSWKKK555f231621620ff37c11" type="webcontent" adlcp:scormType="sco" href="boca.html"> 
    <file href="boca.html"/> 
    <dependency identifierref="COMMON_FILES"/>
  </resource>
  <resource identifier="RES-eXeKSWKKK555f231621620ff37c13" type="webcontent" adlcp:scormType="sco" href="nariz.html"> 
    <file href="nariz.html"/> 
    <file href="NARIZ.png"/>
    <file href="common.js"/>
    <dependency identifierref="COMMON_FILES"/>
  </resource>
  <resource identifier="RES-eXeKSWKKK555f231621620ff37c15" type="webcontent" adlcp:scormType="sco" href="faringe.html"> 
    <file href="faringe.html"/> 
    <file href="250px-La_faringe.png"/>
    <dependency identifierref="COMMON_FILES"/>
  </resource>
  <resource identifier="RES-eXeKSWKKK555f231621620ff37c17" type="webcontent" adlcp:scormType="sco" href="traquea.html"> 
    <file href="traquea.html"/> 
    <file href="220px-Gray961.png"/>
    <dependency identifierref="COMMON_FILES"/>
  </resource>
  <resource identifier="RES-eXeKSWKKK555f231621620ff37c1a" type="webcontent" adlcp:scormType="sco" href="pulmones.html"> 
    <file href="pulmones.html"/> 
    <file href="300px-Lungs_open.jpg"/>
    <file href="common.js"/>
    <dependency identifierref="COMMON_FILES"/>
  </resource>
  <resource identifier="RES-eXeKSWKKK555f231621620ff37c1c" type="webcontent" adlcp:scormType="sco" href="albeolos.html"> 
    <file href="albeolos.html"/> 
    <file href="Alveolus_diagram_es.svg.png"/>
    <dependency identifierref="COMMON_FILES"/>
  </resource>
  <resource identifier="RES-eXeKSWKKK555f231621620ff37c1e" type="webcontent" adlcp:scormType="sco" href="bronquios.html"> 
    <file href="bronquios.html"/> 
    <file href="c3ad6e64696365.jpg"/>
    <file href="common.js"/>
    <dependency identifierref="COMMON_FILES"/>
  </resource>
  <resource identifier="RES-eXeKSWKKK555f231621620ff37c20" type="webcontent" adlcp:scormType="sco" href="pleura.html"> 
    <file href="pleura.html"/> 
    <file href="NSHNS.jpg"/>
    <dependency identifierref="COMMON_FILES"/>
  </resource>
  <resource identifier="RES-eXeKSWKKK555f231621620ff37d23" type="webcontent" adlcp:scormType="sco" href="unidad_2_respiracion_en_los_animales.html"> 
    <file href="unidad_2_respiracion_en_los_animales.html"/> 
    <dependency identifierref="COMMON_FILES"/>
  </resource>
  <resource identifier="RES-eXeKSWKKK555f231621620ff37d25" type="webcontent" adlcp:scormType="sco" href="definicion2.html"> 
    <file href="definicion2.html"/> 
    <file href="GHH.png"/>
    <file href="common.js"/>
    <dependency identifierref="COMMON_FILES"/>
  </resource>
  <resource identifier="RES-eXeKSWKKK555f231621620ff37d27" type="webcontent" adlcp:scormType="sco" href="funcionamiento2.html"> 
    <file href="funcionamiento2.html"/> 
    <dependency identifierref="COMMON_FILES"/>
  </resource>
  <resource identifier="COMMON_FILES" type="webcontent" adlcp:scormType="asset">
    <file href="config.xml"/>
    <file href="content.css"/>
    <file href="icon_activity.gif"/>
    <file href="icon_assess.gif"/>
    <file href="icon_assignment.gif"/>
    <file href="icon_attention.gif"/>
    <file href="icon_calc.gif"/>
    <file href="icon_casestudy.gif"/>
    <file href="icon_define.gif"/>
    <file href="icon_diagnosis.gif"/>
    <file href="icon_discussion.gif"/>
    <file href="icon_experiment.gif"/>
    <file href="icon_e_gloss.gif"/>
    <file href="icon_e_journal.gif"/>
    <file href="icon_gallery.gif"/>
    <file href="icon_generic.gif"/>
    <file href="icon_inter.gif"/>
    <file href="icon_key_points.gif"/>
    <file href="icon_multimedia.gif"/>
    <file href="icon_objectives.gif"/>
    <file href="icon_preknowledge.gif"/>
    <file href="icon_present.gif"/>
    <file href="icon_question.gif"/>
    <file href="icon_reading.gif"/>
    <file href="icon_reflection.gif"/>
    <file href="icon_review.gif"/>
    <file href="icon_summary.gif"/>
    <file href="icon_synthesis.gif"/>
    <file href="icon_technology.gif"/>
    <file href="icon_time.gif"/>
    <file href="icon_web_resource.gif"/>
    <file href="nav.css"/>
    <file href="_default_current_page.gif"/>
    <file href="_default_hide_show.gif"/>
    <file href="_default_side_bg.gif"/>
    <file href="base.css"/>
    <file href="popup_bg.gif"/>
    <file href="SCORM_API_wrapper.js"/>
    <file href="SCOFunctions.js"/>
    <file href="exe_jquery.js"/>
  </resource>
</resources>
</manifest>
