<fundacion alto="550" ancho="775" scorm="0">
  <pagina locked="0" id="1">
    <elemento colorFondo="16777215" alfaFondo="100" imagen="vacio" posy="0" posx="0" tipo="fondo" src="10"/>
    <elemento imagen="galeria/imagenes/chamilin/[_2_]en hogar.png" alto_px="1004" ancho_px="1276" alto="39.05" ancho="29.39" rotation="0" posy="150" posx="390" tipo="imagen" src="1"/>
    <elemento imagen="galeria/imagenes/chamilin/[_2_]linea1.jpg" alto_px="57" ancho_px="600" alto="100" ancho="100" rotation="0" posy="3" posx="5" tipo="imagen" src="1"/>
    <elemento imagen="galeria/imagenes/chamilin/[_2_]logo.jpg" alto_px="181" ancho_px="418" alto="46.97" ancho="43.55" rotation="0" posy="0" posx="588" tipo="imagen" src="1"/>
    <elemento imagen="galeria/imagenes/chamilin/[_2_]LIN.jpg" alto_px="28" ancho_px="170" alto="135.72" ancho="132.95" rotation="0" posy="70" posx="298" tipo="imagen" src="1"/>
    <elemento fondo="vacio" borde="vacio" alto_px="45" ancho_px="278" alto="100" ancho="100" rotation="0" posy="72" posx="309" tipo="texto" src="2"><![CDATA[<TEXTFORMAT LEADING="2"><P ALIGN="LEFT"><FONT FACE="Impact" SIZE="20" COLOR="#FFFFFF" LETTERSPACING="0" KERNING="1">Yo propongo en mi hogar<FONT FACE="Verdana" SIZE="12" COLOR="#0B333C"></FONT></FONT></P></TEXTFORMAT>]]></elemento>
    <elemento fondo="vacio" borde="vacio" alto_px="133" ancho_px="494" alto="100" ancho="100" rotation="0" posy="136" posx="12" tipo="texto" src="2"><![CDATA[<TEXTFORMAT LEADING="2"><P ALIGN="LEFT"><FONT FACE="Impact" SIZE="20" COLOR="#0B333C" LETTERSPACING="0" KERNING="1">Objetivo principal:</FONT></P></TEXTFORMAT><TEXTFORMAT LEADING="2"><P ALIGN="LEFT"><FONT FACE="Impact" SIZE="16" COLOR="#0B333C" LETTERSPACING="0" KERNING="1">Comprender y diferenciar los términos de costumbres, reglas y leyes; los cuales guían las acciones en la familia y el hogar. Identificar la razón por la cual estas formas de regular el comportamiento benefician a la persona y a la sociedad</FONT></P></TEXTFORMAT>]]></elemento>
    <elemento fondo="vacio" borde="vacio" alto_px="162" ancho_px="494" alto="100" ancho="100" rotation="0" posy="264" posx="15" tipo="texto" src="2"><![CDATA[<TEXTFORMAT LEADING="2"><P ALIGN="LEFT"><FONT FACE="Impact" SIZE="20" COLOR="#0B333C" LETTERSPACING="0" KERNING="1">Objetivos de aprendizaje:<FONT SIZE="16"></FONT></FONT></P></TEXTFORMAT><TEXTFORMAT LEADING="2"><P ALIGN="LEFT"><FONT FACE="Impact" SIZE="16" COLOR="#0B333C" LETTERSPACING="0" KERNING="1">• Distinguir los conceptos de costumbre y buenois habitos en la casa.</FONT></P></TEXTFORMAT><TEXTFORMAT LEADING="2"><P ALIGN="LEFT"><FONT FACE="Impact" SIZE="16" COLOR="#0B333C" LETTERSPACING="0" KERNING="1">• Explicar la importancia de una costumbre, una regla y una ley en una sociedad así cómo la forma de contribuir a una mejor calidad de vida.</FONT></P></TEXTFORMAT><TEXTFORMAT LEADING="2"><P ALIGN="LEFT"><FONT FACE="Impact" SIZE="16" COLOR="#0B333C" LETTERSPACING="0" KERNING="1">• Identificar las consecuencias de irrespetar las costumbres,y reglas en la casa.</FONT></P></TEXTFORMAT>]]></elemento>
  </pagina>
  <pagina locked="0" id="1b"/>
  <pagina locked="0" id="2">
    <elemento colorFondo="16777215" alfaFondo="100" imagen="vacio" posy="0" posx="0" tipo="fondo" src="10"/>
    <elemento imagen="galeria/imagenes/chamilin/[_2_]logo12.jpg" alto_px="65" ancho_px="638" alto="100.01" ancho="121.01" rotation="0" posy="1" posx="1" tipo="imagen" src="1"/>
    <elemento imagen="galeria/imagenes/chamilin/[_2_]LIN.jpg" alto_px="28" ancho_px="170" alto="1117.86" ancho="184.71" rotation="0" posy="229" posx="456" tipo="imagen" src="1"/>
    <elemento fondo="vacio" borde="vacio" alto_px="209" ancho_px="313" alto="100" ancho="100" rotation="0" posy="303" posx="470" tipo="texto" src="2"><![CDATA[<TEXTFORMAT LEADING="2"><P ALIGN="LEFT"><FONT FACE="Impact" SIZE="20" COLOR="#FFFFFF" LETTERSPACING="0" KERNING="0">Horarios de cumplimiento en casa </FONT></P></TEXTFORMAT><TEXTFORMAT LEADING="2"><P ALIGN="LEFT"><FONT FACE="Impact" SIZE="20" COLOR="#FFFFFF" LETTERSPACING="0" KERNING="0">	. Hora de acostarse </FONT></P></TEXTFORMAT><TEXTFORMAT LEADING="2"><P ALIGN="LEFT"><FONT FACE="Impact" SIZE="20" COLOR="#FFFFFF" LETTERSPACING="0" KERNING="0">	. Hora de levantarse</FONT></P></TEXTFORMAT><TEXTFORMAT LEADING="2"><P ALIGN="LEFT"><FONT FACE="Impact" SIZE="20" COLOR="#FFFFFF" LETTERSPACING="0" KERNING="0">	. Hora de comer</FONT></P></TEXTFORMAT><TEXTFORMAT LEADING="2"><P ALIGN="LEFT"><FONT FACE="Impact" SIZE="20" COLOR="#FFFFFF" LETTERSPACING="0" KERNING="0">	. Hora para el Ocio y Entretenimiento</FONT></P></TEXTFORMAT><TEXTFORMAT LEADING="2"><P ALIGN="LEFT"><FONT FACE="Impact" SIZE="20" COLOR="#FFFFFF" LETTERSPACING="0" KERNING="0">	. Hora de realización de tareas<FONT COLOR="#0B333C"></FONT></FONT></P></TEXTFORMAT>]]></elemento>
    <elemento fondo="vacio" borde="vacio" alto_px="416" ancho_px="431" alto="100" ancho="100" rotation="0" posy="131" posx="7" tipo="texto" src="2"><![CDATA[<TEXTFORMAT LEADING="2"><P ALIGN="LEFT"><FONT FACE="Impact" SIZE="14" COLOR="#000000" LETTERSPACING="0" KERNING="0">1. Usted como padre podría realizar un horario en el que se incluyan todas aquellas actividades que sean favorables al desarrollo del niño. Deben plantearse horarios fijos para  la alimentación, sueño, aseo personal,  labores domésticas, diversiones, estudio,  etc., de tal manera que se desarrollen hábitos.</FONT></P></TEXTFORMAT><TEXTFORMAT LEADING="2"><P ALIGN="LEFT"><FONT FACE="Impact" SIZE="14" COLOR="#000000" LETTERSPACING="0" KERNING="0"></FONT></P></TEXTFORMAT><TEXTFORMAT LEADING="2"><P ALIGN="LEFT"><FONT FACE="Impact" SIZE="14" COLOR="#000000" LETTERSPACING="0" KERNING="0"> 2.      Una vez que se haya adquirido un hábito ocasionalmente se podrá interrumpirlo en situaciones especiales: un cumpleaños, una fiesta, una salida de uno de los miembros de la familia, etc., solo se procurará que sean pocas situaciones y que posteriormente se reanude el hábito en cuestión.</FONT></P></TEXTFORMAT><TEXTFORMAT LEADING="2"><P ALIGN="LEFT"><FONT FACE="Impact" SIZE="14" COLOR="#000000" LETTERSPACING="0" KERNING="0"></FONT></P></TEXTFORMAT><TEXTFORMAT LEADING="2"><P ALIGN="LEFT"><FONT FACE="Impact" SIZE="14" COLOR="#000000" LETTERSPACING="0" KERNING="0"> 3.      Debe cuidarse que al elaborar un calendario de actividades primero se incluya el trabajo y luego los premios o las actividades agradables.</FONT></P></TEXTFORMAT><TEXTFORMAT LEADING="2"><P ALIGN="LEFT"><FONT FACE="Impact" SIZE="14" COLOR="#000000" LETTERSPACING="0" KERNING="0"></FONT></P></TEXTFORMAT><TEXTFORMAT LEADING="2"><P ALIGN="LEFT"><FONT FACE="Impact" SIZE="14" COLOR="#000000" LETTERSPACING="0" KERNING="0">4.      El horario se podría construir en tres momentos antes de ir a la Escuela, al llegar de la escuela  y en la tarde y establecer periodos de revisión  de sus deberes, en este horario podría pedir al niño que realizará las siguientes actividades:</FONT></P></TEXTFORMAT>]]></elemento>
    <elemento fondo="vacio" borde="vacio" alto_px="38" ancho_px="219" alto="100" ancho="100" rotation="0" posy="259" posx="515" tipo="texto" src="2"><![CDATA[<TEXTFORMAT LEADING="2"><P ALIGN="LEFT"><FONT FACE="Impact" SIZE="20" COLOR="#FF0000" LETTERSPACING="0" KERNING="1">RESPETAR SAGRADAMENTE<FONT FACE="Verdana" SIZE="12" COLOR="#0B333C"></FONT></FONT></P></TEXTFORMAT>]]></elemento>
  </pagina>
  <pagina locked="0" id="2b"/>
  <pagina locked="0" id="3">
    <elemento colorFondo="16777215" alfaFondo="100" imagen="vacio" posy="0" posx="0" tipo="fondo" src="10"/>
    <elemento imagen="galeria/imagenes/chamilin/[_2_]logo12.jpg" alto_px="65" ancho_px="638" alto="100.01" ancho="121.01" rotation="0" posy="1" posx="1" tipo="imagen" src="1"/>
    <elemento imagen="galeria/imagenes/chamilin/[_2_]LIN.jpg" alto_px="28" ancho_px="170" alto="753.58" ancho="451.18" rotation="0" posy="81" posx="1" tipo="imagen" src="1"/>
    <elemento fondo="vacio" borde="vacio" alto_px="54" ancho_px="359" alto="100" ancho="100" rotation="0" posy="161" posx="89" tipo="texto" src="2"><![CDATA[<TEXTFORMAT LEADING="2"><P ALIGN="LEFT"><FONT FACE="Impact" SIZE="24" COLOR="#FFFFFF" LETTERSPACING="0" KERNING="1">Labores que me hacen ver bien<FONT SIZE="20"></FONT></FONT></P></TEXTFORMAT>]]></elemento>
    <elemento fondo="vacio" borde="vacio" alto_px="64" ancho_px="529" alto="100" ancho="100" rotation="0" posy="308" posx="142" tipo="texto" src="2"><![CDATA[<TEXTFORMAT LEADING="2"><P ALIGN="LEFT"><FONT FACE="Impact" SIZE="20" COLOR="#FF0000" LETTERSPACING="0" KERNING="1">Colaboro con el lavado orden de los utencilios en la cocina </FONT></P></TEXTFORMAT>]]></elemento>
    <elemento imagen="galeria/imagenes/chamilin/[_2_]orden.jpg" alto_px="420" ancho_px="590" alto="43.81" ancho="54.75" rotation="0" posy="93" posx="441" tipo="imagen" src="1"/>
    <elemento fondo="vacio" borde="vacio" alto_px="131" ancho_px="682" alto="100" ancho="100" rotation="0" posy="354" posx="55" tipo="texto" src="2"><![CDATA[<TEXTFORMAT LEADING="2"><P ALIGN="LEFT"><FONT FACE="Impact" SIZE="20" COLOR="#000000" LETTERSPACING="0" KERNING="1">Colaborar a la mamá con los queaceres del hogar incluido los trabajos que representa la cocina, representan la gratitud a un esfuerzo continuo y diario qeu realiza nuestra madre o la persona que hago dicho oficio, esto lo debemos hacer siempre y tambien recordar hacerlo en casa que no sean las nuestras.</FONT></P></TEXTFORMAT>]]></elemento>
  </pagina>
  <pagina locked="0" id="3b"/>
  <pagina locked="0" id="4">
    <elemento colorFondo="16777215" alfaFondo="100" imagen="vacio" posy="0" posx="0" tipo="fondo" src="10"/>
    <elemento imagen="galeria/imagenes/chamilin/[_2_]logo12.jpg" alto_px="65" ancho_px="638" alto="100.01" ancho="121.01" rotation="0" posy="1" posx="1" tipo="imagen" src="1"/>
    <elemento imagen="galeria/imagenes/chamilin/[_2_]LIN.jpg" alto_px="28" ancho_px="170" alto="753.58" ancho="451.18" rotation="0" posy="81" posx="1" tipo="imagen" src="1"/>
    <elemento fondo="vacio" borde="vacio" alto_px="54" ancho_px="359" alto="100" ancho="100" rotation="0" posy="161" posx="89" tipo="texto" src="2"><![CDATA[<TEXTFORMAT LEADING="2"><P ALIGN="LEFT"><FONT FACE="Impact" SIZE="24" COLOR="#FFFFFF" LETTERSPACING="0" KERNING="1">Labores que me hacen ver bien<FONT SIZE="20"></FONT></FONT></P></TEXTFORMAT>]]></elemento>
    <elemento fondo="vacio" borde="vacio" alto_px="49" ancho_px="369" alto="100" ancho="100" rotation="0" posy="302" posx="341" tipo="texto" src="2"><![CDATA[<TEXTFORMAT LEADING="2"><P ALIGN="LEFT"><FONT FACE="Impact" SIZE="20" COLOR="#FF0000" LETTERSPACING="0" KERNING="1">HACER LA CAMA</FONT></P></TEXTFORMAT>]]></elemento>
    <elemento fondo="vacio" borde="vacio" alto_px="131" ancho_px="682" alto="100" ancho="100" rotation="0" posy="354" posx="54" tipo="texto" src="2"><![CDATA[<TEXTFORMAT LEADING="2"><P ALIGN="LEFT"><FONT FACE="Impact" SIZE="20" COLOR="#000000" LETTERSPACING="0" KERNING="1">Hacer la cama es tener nuestro espacio ordenado y limpio, esto repercute activar buenas energias para que nuestra mente y nuestro cuerpo desarrollen tareas diarias con mayor motivación, el orden representa un habito de vida saludable y homogenizar el orden en toda la casa.</FONT></P></TEXTFORMAT>]]></elemento>
    <elemento imagen="galeria/imagenes/chamilin/[_2_]cama.jpg" alto_px="229" ancho_px="300" alto="78.17" ancho="97.67" rotation="0" posy="93" posx="469" tipo="imagen" src="1"/>
  </pagina>
  <pagina locked="0" id="4b"/>
  <pagina locked="0" id="5">
    <elemento colorFondo="16777215" alfaFondo="100" imagen="vacio" posy="0" posx="0" tipo="fondo" src="10"/>
    <elemento imagen="galeria/imagenes/chamilin/[_2_]logo12.jpg" alto_px="65" ancho_px="638" alto="100.01" ancho="121.01" rotation="0" posy="1" posx="1" tipo="imagen" src="1"/>
    <elemento imagen="galeria/imagenes/chamilin/[_2_]LIN.jpg" alto_px="28" ancho_px="170" alto="753.58" ancho="451.18" rotation="0" posy="81" posx="1" tipo="imagen" src="1"/>
    <elemento fondo="vacio" borde="vacio" alto_px="54" ancho_px="359" alto="100" ancho="100" rotation="0" posy="161" posx="89" tipo="texto" src="2"><![CDATA[<TEXTFORMAT LEADING="2"><P ALIGN="LEFT"><FONT FACE="Impact" SIZE="24" COLOR="#FFFFFF" LETTERSPACING="0" KERNING="1">Labores que me hacen ver bien<FONT SIZE="20"></FONT></FONT></P></TEXTFORMAT>]]></elemento>
    <elemento fondo="vacio" borde="vacio" alto_px="49" ancho_px="369" alto="100" ancho="100" rotation="0" posy="304" posx="313" tipo="texto" src="2"><![CDATA[<TEXTFORMAT LEADING="2"><P ALIGN="LEFT"><FONT FACE="Impact" SIZE="20" COLOR="#FF0000" LETTERSPACING="0" KERNING="1">LAVAR NUESTRA ROPA</FONT></P></TEXTFORMAT>]]></elemento>
    <elemento fondo="vacio" borde="vacio" alto_px="166" ancho_px="682" alto="100" ancho="100" rotation="0" posy="354" posx="54" tipo="texto" src="2"><![CDATA[<TEXTFORMAT LEADING="2"><P ALIGN="LEFT"><FONT FACE="Impact" SIZE="20" COLOR="#000000" LETTERSPACING="0" KERNING="1">Mantener nuestra ropa aseada ademas de representar y garantizar verse bien y mantener una salud deseable, tambien demuestra nuestra propia responsabilidad al momento de afrontar acciones que nos competen ante los demas. Esta acción cuenta como un plus extra como motivador para sentirnos agusto con nosotros mismos y con los demas miebros de nuestro hogar</FONT></P></TEXTFORMAT>]]></elemento>
    <elemento imagen="galeria/imagenes/chamilin/[_2_]ropa.jpg" alto_px="245" ancho_px="200" alto="85.72" ancho="116.5" rotation="0" posy="80" posx="529" tipo="imagen" src="1"/>
  </pagina>
  <pagina locked="0" id="5b"/>
  <pagina locked="0" id="6">
    <elemento colorFondo="16777215" alfaFondo="100" imagen="vacio" posy="0" posx="0" tipo="fondo" src="10"/>
    <elemento imagen="galeria/imagenes/chamilin/[_2_]logo12.jpg" alto_px="65" ancho_px="638" alto="100.01" ancho="121.01" rotation="0" posy="1" posx="1" tipo="imagen" src="1"/>
    <elemento imagen="galeria/imagenes/chamilin/[_2_]LIN.jpg" alto_px="28" ancho_px="170" alto="753.58" ancho="451.18" rotation="0" posy="81" posx="1" tipo="imagen" src="1"/>
    <elemento fondo="vacio" borde="vacio" alto_px="54" ancho_px="359" alto="100" ancho="100" rotation="0" posy="161" posx="89" tipo="texto" src="2"><![CDATA[<TEXTFORMAT LEADING="2"><P ALIGN="LEFT"><FONT FACE="Impact" SIZE="24" COLOR="#FFFFFF" LETTERSPACING="0" KERNING="1">Labores que me hacen ver bien<FONT SIZE="20"></FONT></FONT></P></TEXTFORMAT>]]></elemento>
    <elemento fondo="vacio" borde="vacio" alto_px="49" ancho_px="369" alto="100" ancho="100" rotation="0" posy="304" posx="313" tipo="texto" src="2"><![CDATA[<TEXTFORMAT LEADING="2"><P ALIGN="LEFT"><FONT FACE="Impact" SIZE="20" COLOR="#FF0000" LETTERSPACING="0" KERNING="1">ORDENO MI CUARTO</FONT></P></TEXTFORMAT>]]></elemento>
    <elemento fondo="vacio" borde="vacio" alto_px="166" ancho_px="682" alto="100" ancho="100" rotation="0" posy="354" posx="54" tipo="texto" src="2"><![CDATA[<TEXTFORMAT LEADING="2"><P ALIGN="LEFT"><FONT FACE="Impact" SIZE="20" COLOR="#000000" LETTERSPACING="0" KERNING="1">Ordenar nuestro cuarpo es mantener nuestro espacio agradble ante nuestros ojos y ante los de los demas no tan solo para demostrar aseo y orden sino tambien para obtener una motivación extra durante todo el dia, ya que si llegar nuevamente a nuestra casa y encontramos nuestro espacio ordenado garantizamos una convivencia deseable y mas satisfactoria. </FONT></P></TEXTFORMAT>]]></elemento>
    <elemento imagen="galeria/imagenes/chamilin/[_2_]cuarto.jpg" alto_px="503" ancho_px="670" alto="37.78" ancho="44.33" rotation="0" posy="90" posx="458" tipo="imagen" src="1"/>
  </pagina>
  <pagina locked="0" id="6b"/>
  <pagina locked="0" id="7">
    <elemento colorFondo="16777215" alfaFondo="100" imagen="vacio" posy="0" posx="0" tipo="fondo" src="10"/>
    <elemento fondo="vacio" borde="vacio" alto_px="54" ancho_px="359" alto="100" ancho="100" rotation="0" posy="161" posx="89" tipo="texto" src="2"><![CDATA[<TEXTFORMAT LEADING="2"><P ALIGN="LEFT"><FONT FACE="Impact" SIZE="24" COLOR="#FFFFFF" LETTERSPACING="0" KERNING="1">Labores que me hacen ver bien<FONT SIZE="20"></FONT></FONT></P></TEXTFORMAT>]]></elemento>
    <elemento imagen="galeria/imagenes/chamilin/[_2_]LIN.jpg" alto_px="28" ancho_px="170" alto="753.58" ancho="451.18" rotation="0" posy="81" posx="1" tipo="imagen" src="1"/>
    <elemento imagen="galeria/imagenes/chamilin/[_2_]logo12.jpg" alto_px="65" ancho_px="638" alto="100.01" ancho="121.01" rotation="0" posy="1" posx="1" tipo="imagen" src="1"/>
    <elemento fondo="vacio" borde="vacio" alto_px="166" ancho_px="682" alto="100" ancho="100" rotation="0" posy="354" posx="54" tipo="texto" src="2"><![CDATA[<TEXTFORMAT LEADING="2"><P ALIGN="LEFT"><FONT FACE="Impact" SIZE="20" COLOR="#000000" LETTERSPACING="0" KERNING="1">El saludar a nuestros familiares con un beso o un apretón de manos, reinvindicara una actitud de agradecimeinto y felicidad, si eres creyente el primer a saludo a tus padres lo debes hacer pediendo la bendición, esto creara un sintoma de confianza para realizar tus labores o poryectos durante el día. </FONT></P></TEXTFORMAT>]]></elemento>
    <elemento fondo="vacio" borde="vacio" alto_px="49" ancho_px="369" alto="100" ancho="100" rotation="0" posy="304" posx="313" tipo="texto" src="2"><![CDATA[<TEXTFORMAT LEADING="2"><P ALIGN="LEFT"><FONT FACE="Impact" SIZE="20" COLOR="#FF0000" LETTERSPACING="0" KERNING="1">SALUDAR</FONT></P></TEXTFORMAT>]]></elemento>
    <elemento fondo="vacio" borde="vacio" alto_px="54" ancho_px="359" alto="100" ancho="100" rotation="0" posy="161" posx="89" tipo="texto" src="2"><![CDATA[<TEXTFORMAT LEADING="2"><P ALIGN="LEFT"><FONT FACE="Impact" SIZE="24" COLOR="#FFFFFF" LETTERSPACING="0" KERNING="1">Labores que me hacen ver bien<FONT SIZE="20"></FONT></FONT></P></TEXTFORMAT>]]></elemento>
    <elemento imagen="galeria/imagenes/chamilin/[_2_]bensici.jpg" alto_px="297" ancho_px="320" alto="67.01" ancho="85.32" rotation="0" posy="87" posx="488" tipo="imagen" src="1"/>
  </pagina>
  <pagina locked="0" id="7b"/>
  <pagina locked="0" id="8">
    <elemento colorFondo="16777215" alfaFondo="100" imagen="vacio" posy="0" posx="0" tipo="fondo" src="10"/>
    <elemento imagen="galeria/imagenes/chamilin/[_2_]logo12.jpg" alto_px="65" ancho_px="638" alto="100.01" ancho="121.01" rotation="0" posy="1" posx="1" tipo="imagen" src="1"/>
    <elemento imagen="galeria/imagenes/chamilin/[_2_]LIN.jpg" alto_px="28" ancho_px="170" alto="753.58" ancho="451.18" rotation="0" posy="81" posx="1" tipo="imagen" src="1"/>
    <elemento fondo="vacio" borde="vacio" alto_px="54" ancho_px="359" alto="100" ancho="100" rotation="0" posy="161" posx="89" tipo="texto" src="2"><![CDATA[<TEXTFORMAT LEADING="2"><P ALIGN="LEFT"><FONT FACE="Impact" SIZE="24" COLOR="#FFFFFF" LETTERSPACING="0" KERNING="1">Labores que me hacen ver bien<FONT SIZE="20"></FONT></FONT></P></TEXTFORMAT>]]></elemento>
    <elemento fondo="vacio" borde="vacio" alto_px="49" ancho_px="369" alto="100" ancho="100" rotation="0" posy="304" posx="313" tipo="texto" src="2"><![CDATA[<TEXTFORMAT LEADING="2"><P ALIGN="LEFT"><FONT FACE="Impact" SIZE="20" COLOR="#FF0000" LETTERSPACING="0" KERNING="1">AGRADECER ... SIEMPRE</FONT></P></TEXTFORMAT>]]></elemento>
    <elemento fondo="vacio" borde="vacio" alto_px="166" ancho_px="682" alto="100" ancho="100" rotation="0" posy="354" posx="54" tipo="texto" src="2"><![CDATA[<TEXTFORMAT LEADING="2"><P ALIGN="LEFT"><FONT FACE="Impact" SIZE="20" COLOR="#000000" LETTERSPACING="0" KERNING="1">Cuando agradeces no solo quedas bien con la otra parte sino que ademas te sentiras bien consigo mismo. El agradecer activa las formas de volver a conseguir favores recibidos, de garantizarte tu propio reconocimiento, agradece siempre por lo que recibes a diario  </FONT></P></TEXTFORMAT>]]></elemento>
    <elemento imagen="galeria/imagenes/chamilin/[_2_]agr.jpg" alto_px="399" ancho_px="600" alto="46.37" ancho="47.5" rotation="0" posy="94" posx="471" tipo="imagen" src="1"/>
  </pagina>
  <pagina locked="0" id="8b"/>
  <pagina locked="0" id="9">
    <elemento colorFondo="16777215" alfaFondo="100" imagen="vacio" posy="0" posx="0" tipo="fondo" src="10"/>
    <elemento actividad="galeria/actividades/rompecabezas.swf" alto_px="550" ancho_px="775" alto="100" ancho="100" rotation="0" posy="-1" posx="-1" tipo="actividad" src="3">
      <actividad id="8" name="actividad">
        <paso1 name="paso1">
          <titulo name="titulo" texto="Rompecabezas"/>
          <instrucciones name="instrucciones"><![CDATA[]]></instrucciones>
          <interacciones name="interacciones" puntuacion="" tiempo="-1" intentos="-1"/>
        </paso1>
        <paso2 name="paso2">
          <conf name="conf" nImagenes="1" imgFondo=""/>
          <imagen name="imagen" img="galeria/imagenes/chamilin/[_2_]en hogar.png"/>
          <imagen name="imagen" img=""/>
          <imagen name="imagen" img=""/>
          <imagen name="imagen" img=""/>
          <imagen name="imagen" img=""/>
          <imagen name="imagen" img=""/>
          <dimensiones name="dimensiones" filas="4" columnas="4"/>
        </paso2>
        <paso3 name="paso3">
          <msgAcierto name="msgAcierto" texto="Bien"/>
          <sndAcierto name="sndAcierto" sonido=""/>
          <msgFallo name="msgFallo" texto="ERROR"/>
          <sndFallo name="sndFallo" sonido=""/>
        </paso3>
      </actividad>
    </elemento>
  </pagina>
  <pagina locked="0" id="9b"/>
  <pagina locked="0" id="10">
    <elemento colorFondo="16777215" alfaFondo="100" imagen="vacio" posy="0" posx="0" tipo="fondo" src="10"/>
    <elemento actividad="galeria/actividades/completa.swf" alto_px="550" ancho_px="775" alto="100" ancho="100" rotation="0" posy="-1" posx="-1" tipo="actividad" src="3">
      <actividad id="5" name="actividad">
        <paso1 name="paso1">
          <titulo name="titulo" texto="COMPLETA"/>
          <instrucciones name="instrucciones"><![CDATA[]]></instrucciones>
          <interacciones name="interacciones" puntuacion="" tiempo="-1" intentos="-1"/>
        </paso1>
        <paso2 name="paso2">
          <conf name="conf" texto="El {respeto} es un valor muy importante que debemos cultivar día a día, en nuestro {hogar}, escuela, familia, amigos y todas las personas que están a mi {alrededor}, de esta manera tener un espacio armónico, el cual {podemos} compartir libremente. "/>
        </paso2>
        <paso3 name="paso3">
          <msgAcierto name="msgAcierto" texto="BIEN"/>
          <sndAcierto name="sndAcierto" sonido=""/>
          <msgFallo name="msgFallo" texto="ERROR"/>
          <sndFallo name="sndFallo" sonido=""/>
        </paso3>
      </actividad>
    </elemento>
  </pagina>
  <pagina locked="0" id="10b"/>
  <pagina locked="0" id="11">
    <elemento colorFondo="16777215" alfaFondo="100" imagen="vacio" posy="0" posx="0" tipo="fondo" src="10"/>
    <elemento actividad="galeria/actividades/emparejar.swf" alto_px="550" ancho_px="775" alto="100" ancho="100" rotation="0" posy="-1" posx="-1" tipo="actividad" src="3">
      <actividad id="6" name="actividad">
        <paso1 name="paso1">
          <titulo name="titulo" texto="RELACIONA"/>
          <instrucciones name="instrucciones"><![CDATA[]]></instrucciones>
          <interacciones name="interacciones" puntuacion="" tiempo="-1" intentos="-1"/>
        </paso1>
        <paso2 name="paso2">
          <conf name="conf" nParejas="2"/>
          <pareja name="pareja" imagen="galeria/imagenes/chamilin/[_2_]grandespequeno.gif" texto="IRRESPETO"/>
          <pareja name="pareja" imagen="galeria/imagenes/chamilin/[_2_]agr.jpg" texto="RESPETO"/>
          <pareja name="pareja" imagen="" texto=""/>
          <pareja name="pareja" imagen="" texto=""/>
          <pareja name="pareja" imagen="" texto=""/>
        </paso2>
        <paso3 name="paso3">
          <msgAcierto name="msgAcierto" texto="BIEN"/>
          <sndAcierto name="sndAcierto" sonido=""/>
          <msgFallo name="msgFallo" texto="ERROR"/>
          <sndFallo name="sndFallo" sonido=""/>
        </paso3>
      </actividad>
    </elemento>
  </pagina>
  <pagina locked="0" id="11b"/>
  <pagina locked="0" id="12">
    <elemento colorFondo="16777215" alfaFondo="100" imagen="vacio" posy="0" posx="0" tipo="fondo" src="10"/>
  </pagina>
</fundacion>