<manifest xmlns:lomes="http://ltsc.ieee.org/xsd/LOM" xmlns:adlcp="http://www.adlnet.org/xsd/adlcp_v1p3" xmlns:imsss="http://www.imsglobal.org/xsd/imsss" xmlns:adlseq="http://www.adlnet.org/xsd/adlseq_v1p3" xmlns:adlnav="http://www.adlnet.org/xsd/adlnav_v1p3" xmlns:xsi="http://www.w3.org/2001/XMLSchema-instance" xmlns="http://www.imsglobal.org/xsd/imscp_v1p1" xsi:schemaLocation="http://www.imsglobal.org/xsd/imscp_v1p1 imscp_v1p1.xsd http://ltsc.ieee.org/xsd/LOM lomCustom.xsd http://www.adlnet.org/xsd/adlcp_v1p3 adlcp_v1p3.xsd http://www.imsglobal.org/xsd/imsss imsss_v1p0.xsd http://www.adlnet.org/xsd/adlseq_v1p3 adlseq_v1p3.xsd http://www.adlnet.org/xsd/adlnav_v1p3 adlnav_v1p3.xsd" identifier="MANIFEST-9AF68B41B030E85AEBB72DCB6E69CBBA"> <metadata><schema>ADL SCORM</schema><schemaversion>2004 3rd Edition</schemaversion></metadata><organizations default="ORG-CUADERNIA-481e0a11df49eb7aa2dae43fd55be7d5-TICK-1127523007"><organization identifier="ORG-CUADERNIA-481e0a11df49eb7aa2dae43fd55be7d5-TICK-1127523007"><title>en_mi_hogar</title><item identifier="ITEM-CUADERNIA-481e0a11df49eb7aa2dae43fd55be7d5-TICK-1127523007" identifierref="RES-CUADERNIA-481e0a11df49eb7aa2dae43fd55be7d5-TICK-1cd30dde1a82b7b238a4f0cg9557cfe1" parameters="?pagina=1"><title>Página 1</title></item><item identifier="ITEM-CUADERNIA-481e0a11df49eb7aa2dae43fd55be7d5-TICK-1127523008" identifierref="RES-CUADERNIA-481e0a11df49eb7aa2dae43fd55be7d5-TICK-1cd30dde1a82b7b238a4f0cg9557cfe1" parameters="?pagina=2"><title>Página 2</title></item><item identifier="ITEM-CUADERNIA-481e0a11df49eb7aa2dae43fd55be7d5-TICK-1127523009" identifierref="RES-CUADERNIA-481e0a11df49eb7aa2dae43fd55be7d5-TICK-1cd30dde1a82b7b238a4f0cg9557cfe1" parameters="?pagina=3"><title>Página 3</title></item><item identifier="ITEM-CUADERNIA-481e0a11df49eb7aa2dae43fd55be7d5-TICK-1127523010" identifierref="RES-CUADERNIA-481e0a11df49eb7aa2dae43fd55be7d5-TICK-1cd30dde1a82b7b238a4f0cg9557cfe1" parameters="?pagina=4"><title>Página 4</title></item><item identifier="ITEM-CUADERNIA-481e0a11df49eb7aa2dae43fd55be7d5-TICK-1127523011" identifierref="RES-CUADERNIA-481e0a11df49eb7aa2dae43fd55be7d5-TICK-1cd30dde1a82b7b238a4f0cg9557cfe1" parameters="?pagina=5"><title>Página 5</title></item><item identifier="ITEM-CUADERNIA-481e0a11df49eb7aa2dae43fd55be7d5-TICK-1127523012" identifierref="RES-CUADERNIA-481e0a11df49eb7aa2dae43fd55be7d5-TICK-1cd30dde1a82b7b238a4f0cg9557cfe1" parameters="?pagina=6"><title>Página 6</title></item><item identifier="ITEM-CUADERNIA-481e0a11df49eb7aa2dae43fd55be7d5-TICK-1127523013" identifierref="RES-CUADERNIA-481e0a11df49eb7aa2dae43fd55be7d5-TICK-1cd30dde1a82b7b238a4f0cg9557cfe1" parameters="?pagina=7"><title>Página 7</title></item><item identifier="ITEM-CUADERNIA-481e0a11df49eb7aa2dae43fd55be7d5-TICK-1127523014" identifierref="RES-CUADERNIA-481e0a11df49eb7aa2dae43fd55be7d5-TICK-1cd30dde1a82b7b238a4f0cg9557cfe1" parameters="?pagina=8"><title>Página 8</title></item><item identifier="ITEM-CUADERNIA-481e0a11df49eb7aa2dae43fd55be7d5-TICK-1127523015" identifierref="RES-CUADERNIA-481e0a11df49eb7aa2dae43fd55be7d5-TICK-1cd30dde1a82b7b238a4f0cg9557cfe1" parameters="?pagina=9"><title>Página 9</title></item><item identifier="ITEM-CUADERNIA-481e0a11df49eb7aa2dae43fd55be7d5-TICK-1127523016" identifierref="RES-CUADERNIA-481e0a11df49eb7aa2dae43fd55be7d5-TICK-1cd30dde1a82b7b238a4f0cg9557cfe1" parameters="?pagina=10"><title>Página 10</title></item><item identifier="ITEM-CUADERNIA-481e0a11df49eb7aa2dae43fd55be7d5-TICK-1127523017" identifierref="RES-CUADERNIA-481e0a11df49eb7aa2dae43fd55be7d5-TICK-1cd30dde1a82b7b238a4f0cg9557cfe1" parameters="?pagina=11"><title>Página 11</title></item><item identifier="ITEM-CUADERNIA-481e0a11df49eb7aa2dae43fd55be7d5-TICK-1127523018" identifierref="RES-CUADERNIA-481e0a11df49eb7aa2dae43fd55be7d5-TICK-1cd30dde1a82b7b238a4f0cg9557cfe1" parameters="?pagina=12"><title>Página 12</title></item><imsss:sequencing><imsss:controlMode choice="true" choiceExit="true" flow="false" forwardOnly="true" /><imsss:auxiliaryResources /></imsss:sequencing></organization></organizations><resources><resource identifier="RES-CUADERNIA-481e0a11df49eb7aa2dae43fd55be7d5-TICK-1cd30dde1a82b7b238a4f0cg9557cfe1" type="webcontent" href="recursos/index.html" adlcp:scormType="asset"><file href="recursos/index.html" /></resource></resources></manifest>